PRAGMA foreign_keys = ON;


drop table if exists Student;
drop table if exists Exam;
drop table if exists Subscribe;

CREATE TABLE Student (
id_student INTEGER PRIMARY KEY,
name VARCHAR NOT NULL
);

CREATE TABLE Exam (
id_exam INTEGER PRIMARY KEY,
name VARCHAR NOT NULL,
year INTEGER NOT NULL
);

CREATE TABLE Subscribe (
id_exam INTEGER,
id_student INTEGER
);

INSERT INTO Student VALUES(1,'Cat');
INSERT INTO Student VALUES(2,'Ines');
INSERT INTO Student VALUES(3,'Mario');
INSERT INTO Student VALUES(4,'Andreia');
INSERT INTO Student VALUES(5,'Edu');
INSERT INTO Student VALUES(6,'Queiros');
INSERT INTO Student VALUES(7,'Nuno');

INSERT INTO Exam VALUES(1,'MEST',1);
INSERT INTO Exam VALUES(2,'PROG',1);
INSERT INTO Exam VALUES(3,'FISI1',1);
INSERT INTO Exam VALUES(4,'MPCP',1);
INSERT INTO Exam VALUES(5,'BDAD',2);
INSERT INTO Exam VALUES(6,'CAL',2);
INSERT INTO Exam VALUES(7,'CGRA',2);
INSERT INTO Exam VALUES(8,'SOPE',2);
INSERT INTO Exam VALUES(9,'IART',3);
INSERT INTO Exam VALUES(10,'SDIS',3);
INSERT INTO Exam VALUES(11,'IOPE',4);

INSERT INTO Subscribe VALUES(1,7);
INSERT INTO Subscribe VALUES(1,1);
INSERT INTO Subscribe VALUES(2,7);
INSERT INTO Subscribe VALUES(2,2);
INSERT INTO Subscribe VALUES(3,7);
INSERT INTO Subscribe VALUES(3,5);
INSERT INTO Subscribe VALUES(4,7);
INSERT INTO Subscribe VALUES(4,3);
INSERT INTO Subscribe VALUES(5,6);
INSERT INTO Subscribe VALUES(5,2);
INSERT INTO Subscribe VALUES(6,6);
INSERT INTO Subscribe VALUES(6,5);
INSERT INTO Subscribe VALUES(7,6);
INSERT INTO Subscribe VALUES(7,3);
INSERT INTO Subscribe VALUES(8,6);
INSERT INTO Subscribe VALUES(8,5);
INSERT INTO Subscribe VALUES(8,4);
INSERT INTO Subscribe VALUES(9,1);
INSERT INTO Subscribe VALUES(9,2);
INSERT INTO Subscribe VALUES(9,3);
INSERT INTO Subscribe VALUES(9,4);
INSERT INTO Subscribe VALUES(9,5);
INSERT INTO Subscribe VALUES(10,1);
INSERT INTO Subscribe VALUES(10,2);
INSERT INTO Subscribe VALUES(10,3);
INSERT INTO Subscribe VALUES(10,5);
INSERT INTO Subscribe VALUES(11,4);

